<?xml version="1.0" encoding="UTF-8"?>
<configuration>

  <property name="defaultPattern" value="%d{HH:mm:ss.SSS} %-5level %logger{35} - %msg %n" />

  <appender name="console" class="ch.qos.logback.core.ConsoleAppender">
    <encoder><pattern>${defaultPattern}</pattern></encoder>
  </appender>

  <property name="application" value="/conectores" />
  <property name="file-name" value="atendimento" />
  <appender name="file" class="ch.qos.logback.core.rolling.RollingFileAppender">
    <file>/pcsist/produtos/${application}/logs/${file-name}.log</file>
    <rollingPolicy class="ch.qos.logback.core.rolling.TimeBasedRollingPolicy">
      <fileNamePattern>${file-name}-%d{yyyy-MM-dd}-%i.log.zip</fileNamePattern>
      <timeBasedFileNamingAndTriggeringPolicy class="ch.qos.logback.core.rolling.SizeAndTimeBasedFNATP">
        <maxFileSize>1MB</maxFileSize>
      </timeBasedFileNamingAndTriggeringPolicy>
      <maxHistory>7</maxHistory>
    </rollingPolicy>
    <encoder>
      <pattern>${defaultPattern}</pattern>
    </encoder>
  </appender>

  <root level="debug">
    <appender-ref ref="console" />
    <appender-ref ref="file" />
  </root>

  <logger name="br.com.fluig.hackathon" level="INFO" />
  <logger name="org.apache.cxf" level="ERROR" />
  <logger name="org.springframework.beans.factory" level="ERROR" />
  <logger name="org.springframework.web" level="DEBUG" />
  <logger name="org.springframework.core" level="ERROR" />
  <logger name="org.springframework.context" level="WARN" />
  <logger name="com.zaxxer.hikari" level="ERROR" />

</configuration>
